uuid,style
ffcde60a-0158-4cc3-9b53-694bbddf5cb7,10
80804fd8-1350-4c19-bcf1-4a3d232cfa15,4
03bb4234-73a7-43cf-a5f5-32e0ebe89df2,6
0593a1cc-a6c9-4d52-aa2e-9cee91d2447e,8
fa66a70b-eee6-4d18-bc41-fc90968097cc,10
108edc72-7363-4995-b14b-390057594f5e,7
a7977472-4bde-4bc4-911a-0631da10bd0f,8
bf083389-e7a9-49c4-b62c-f0d5bbd21887,9
3c351171-3cad-4a5b-b9a0-41fcdddeb21b,2
b199db51-8144-4d08-92c3-de8f96dda073,7
011ce672-d574-43bf-a077-b03b6b0243ea,7
c3bd8d7e-b51e-4c46-a110-24ff31f58429,0
f1167c6a-1cbc-4391-88cc-3336b30d7f85,3
d93f944c-ca49-47d5-83ec-6d4d6fd6bb11,8
cd68c721-cb18-467b-b3e6-53e0e1990ec2,6
f0a3ac1a-ec90-406e-9eef-1051a80b24d0,2
fd927976-e3b9-4972-9b14-d05d36d6ef96,7
91696224-5b4f-406b-954c-a7e191f52708,1
f0699246-553d-4cef-9678-b7b148d8639b,8
eb1aed72-2792-4062-a186-0e053fe66ca5,4
3cabaa4d-7c05-4e73-bb6b-e24dd29cd069,9
0c14f39d-8a6a-4d3e-8c08-c68f65a6ed9c,9
551af2a0-7d41-432c-ab9e-f464bd95280e,8
7191d2ee-a4ea-4a89-8e28-46aa04624b23,3
6c2a77ae-cece-4579-bbec-1cc7ad3f08fc,7
b6cff414-18c7-4239-a7e5-e6dcd93d11b4,7
fbe5a16b-9ca6-4344-a494-86822ad722b6,10
93745fee-e3bd-407b-9f1a-00bdb988c086,5
6a875238-b5b4-4dfe-8f6c-0a7fe1ad3ead,2
924383e1-2e18-4c6c-b191-0e2a1a41111c,7
d00089af-8a11-4e65-a46e-f612680d6907,0
72c0e876-0e26-48d1-ae37-21475141e9d8,5
0785c981-5e10-47fc-9f5b-c90ee5cc4627,5
1bc1a17c-2351-441f-838d-444b87bc232e,9
67e8391f-d423-4207-a13f-b70e69849322,0
ee74eef6-c30c-42b6-b10c-b41808af1f6a,10
3c3a729d-cd1e-4158-afc9-4b7041571d75,2
e33eb3a6-c489-4164-be6b-272b8814e962,4
d1128397-312f-47b0-a524-c9d5d503b664,6
235e931d-a6e6-41b0-b577-be0894ac167a,2
40b87bb6-163b-484e-9371-4def75e9b1f0,5
4ba9e456-19bc-46a1-aceb-4794b051dc10,6
8a108d11-eeb2-4f36-959c-192cfae5d60e,3
d4f2c204-29fc-4c77-969a-63f18f6f5f1c,9
18fcee6c-fd0b-42ed-adb6-877e8a12c48c,9
fac98501-79d9-4fd0-a2a5-5b8bea7336c0,1
1932c7ff-d344-4ca3-a1c7-02353721fb96,9
42ebcc5e-4ce6-46aa-839b-2d34b78d5302,5
54dfdee0-bfce-4b25-bc30-4668d327e406,7
c98b14de-f256-46fb-9e95-1e1f6290eda6,2
bab20139-3a82-4a06-8969-402372ca41f5,9
a8b42595-d40c-4a49-af48-b8b7245a9633,9
781dfbc9-6a13-4b96-a5fe-eb6aaceef242,7
47fbc627-abad-4feb-9cbd-e29752437a16,9
9ccef9d4-eff0-4735-b575-828607ea8a92,7
4b44ec59-90d4-4243-b257-298b52921ec0,7
388e9585-0a61-4322-97b9-3f2515bc7cdc,7
58ea290e-3667-46fc-8c04-d1f1e037128f,9
0b790fd8-14d3-4f37-b351-a4e832fbeefa,8
33f1f9fd-fa3e-403c-b8df-e1a887baba38,10
a7f5a2bc-a8d9-4a25-a5c1-7d295b61d15f,6
1a03f127-eafd-4605-ab2d-2ba592a594d2,9
4a41e772-99a6-4805-b135-1ceb8578491c,2
9b920c81-5118-497d-bc9c-322447d06f9f,10
ee9ff1ef-0162-4a7c-80f8-bf1b5bb30b01,1
ea25a241-fb02-4886-af4e-c80abee07cf4,3
7edc04e8-207d-4de1-8951-bbce84b5c52f,10
7d14a9f7-e3c5-45b9-ba17-010d8666d37d,9
3f98f27f-d783-4da5-b140-20412e194eab,7
30fe2aa4-15aa-4b61-9337-181550489452,6
0492750c-4c5c-406d-85e4-3ea944a66595,7
d2d13289-96a6-43aa-8a3e-9b58e02dacb7,9
ed4e6988-4135-47a6-bfa1-585c0dc1a1bb,10
b7eaab41-d833-4e31-a71f-304e113bff2e,2
4dcd738c-7ab3-47dd-a4d5-e48e7de4fa8b,6
58b91d3f-c5d1-47af-97b8-a51e0b0f1366,2
ad59de08-1afd-4e18-a616-3bebe863446d,8
b19646da-2e96-4f6c-a36a-0d1cc2912087,6
391b6bc6-f638-4a0a-89cd-d6d292a22b9b,7
93af95db-fd7e-44cc-833a-2c40e8fb5b88,7
2ad34825-11fc-48cf-85b1-5f006853f7b0,4
ef536517-bc00-4ab2-8605-9b32310581b4,3
76b1585d-9ed8-4394-9a93-361ca78f8b87,7
c9c96e55-be38-44ff-8b20-535faa527b30,7
2fb059b6-f32a-4405-8f7e-99f0cb239be2,2
9dc30ad1-7c0a-4251-bf13-def1438159f3,0
c77b4320-8a5a-4206-829e-5f0ee2bd742f,3
e6ce4903-c66b-43ef-be9c-cf2c106556c9,10
49eeed0e-0651-4664-89e5-ac6b0aa8fb0a,7
03cfbfbd-1711-4a7d-bd10-2b40a4d2d394,2
9f78923e-b470-4f70-a8b3-07449f0b5550,8
7b2dccba-74e5-4ef7-a4c4-fbbb9bfca04b,9
2f630cf5-8413-42c0-bf06-c208cfb9dbfd,6
c14ba7fc-4e42-480c-be30-09d579fcf8ab,5
3504fa53-9d28-46ec-88e8-0821e9a61b00,5
061f966c-f7df-4c3f-9cbb-24cf06279b31,7
cd3b063b-3920-4b07-ab74-f21044278f27,8
b769f7dd-a9bb-4f57-9326-d00d29b34301,7
cbfd1977-6592-493f-96c0-bf497781e0de,9
eac23f80-8ad6-4225-865b-96c0d7de7614,10
809531d6-5003-4738-b246-e855605754e1,0
6cd9b70e-44e8-42f8-97c4-ce8af424fe41,9
10f9d52a-b569-4811-a5ec-7342a9a804f9,2
b0b89e4b-9554-47f8-a31d-51d3756a368c,1
3b288908-4a00-4507-a84f-a3c52be13a42,9
b2bc9df4-bca3-4db9-9512-e5672b397f81,1
79c6f586-4084-480b-9bc6-cfc74e23dbab,0
ca388614-3b10-472c-a1c6-25a63505be3c,9
ce39b448-4e7e-46b3-bad4-4a861cd29f7b,4
b276cc03-362d-40d0-9487-743e402960e1,2
94316b52-9b4c-4e65-b923-3c6bb8b42b33,0
6c18fcb7-2bad-45a9-bc8d-006fbb58dec0,10
fd0833d5-7cbb-4753-8a1f-712b02ed4681,7
44095f21-6a2d-46bd-a656-4320a2f57a3c,9
956a8e40-bcc9-4d66-b20d-f8c47b46273b,6
e1703baa-1db2-4f14-b7e3-ad6c2d9e8c3a,4
2e26866f-ab32-4c13-83f7-ee19425815e6,6
26b86024-44cf-44a6-b241-eb3453165b5b,9
8a1aed48-4501-46d0-82e5-3893f76e5367,8
ee115cfe-3f2a-40c9-8f83-c73c2bfef7bf,9
11b3f1ea-6e40-4bd7-9174-37d7938d6602,8
0487988c-0494-4b5e-b951-af00cb24139e,3
f63b2f5a-ca84-4060-aa11-fca8d2727e0a,7
adecab70-c79c-47f5-b99b-ff019d3c83ce,9
cefa96a6-215d-47b7-bdf6-d2291bd0cd7d,2
af735348-e492-4942-8f54-8bc4a69af47b,1
fec00c13-781a-44fd-bbbf-aa08d20e7da9,10
416e249b-74b3-4c4c-8872-0fda40d76810,8
564f6290-35e3-49d5-8aeb-efb708be97dc,0
18e816dc-9bb4-4b81-8edd-9556a17cc16e,2
1c383ebc-f676-427d-910e-07e7c5af27d7,10
282f7ebb-6b6f-46c2-b9bf-d112e9c7af24,7
f8e54ad6-532f-4630-88df-d27456496a9a,7
cc9d824a-0484-49ae-93b3-a9f3e45a4a10,9
1594a645-e396-4154-948c-a81c0563cc39,7
cbd1caa6-8727-460d-a4fc-f26b4f3e6b06,3
975722d7-8bcc-4469-8951-5481fc97661b,4
843bfb9d-6f10-463f-a3bc-1d2c9c387b58,8
3b4478db-b631-48bb-b037-9c66c6550f19,7
aad4088b-c073-4116-8b2a-09d01c013619,4
57615e90-8ecf-4790-b391-9edb6c2c1127,2
e7ea9551-3b34-4a19-811a-b2a2ad87a114,8
b1a2ec22-3b26-4b27-bd9b-e108fd9bfb6a,1
aaa63346-eef3-4c82-b54e-4b697ecf6a8c,9
8fe13a64-9c39-4265-8303-bd33dfbca460,0
c4fcc12f-ffc3-4445-a9ab-1dac2ad7e8d2,3
395cf1a8-e195-495c-910c-73ea8287cc28,9
0fe22541-e7c0-4a86-ad9d-0126907332de,9
04bfc1cb-bf69-418c-bfda-a04ec5d94bbb,5
8ff6922f-66d2-4aa5-9cb7-e6a57a9059b5,3
1a0544b4-8035-4b48-a53b-0f27965f0be5,8
1a27ecf5-7dfd-4c03-86ae-cbbe05390491,6
e906e8e1-eb03-4529-80c6-2b3f86591cbd,4
39005239-1e8e-42f7-87cc-13f58b99f51b,1
56677256-eb68-4b40-b2cc-27e2cdbd9da8,9
75d07a54-6528-4928-b286-1972a76f31c2,4
07712d79-82b3-4900-950d-8dee152e1521,0
05ca7c9c-1a09-4600-a5ad-1da6a9f8037a,5
60d996d1-ce75-4f29-a1a2-824c84e91c0c,3
1f9a9f23-502b-4a73-b3df-4f8e2ada5a19,9
0c9a5e75-1df9-4712-8af6-77024daee90c,1
16bdb3a4-0636-4bb6-9a42-ef48eac71d14,9
c28436f9-293c-4688-8692-efe05b4a6ebd,9
31e6ad31-f579-45db-8078-dfd99cfeee59,7
249a3aaf-0576-452e-8225-168c51769cfb,9
bd569a63-cbf5-47f5-8460-14489170a46f,2
36a15f18-280e-437b-8511-8307e37948a8,5
111d5b7b-0e7b-424f-8a58-07fd6efdb642,9
a46347c5-8760-479e-a882-6a0250ac9797,2
adc0df36-a6c2-496c-80b1-e9a9e898d022,4
050ed4f7-d4bf-4346-90fa-6380edebb88d,4
6bb2ed26-e632-4233-9503-0919477bd8de,9
22b658f6-0365-4e89-993e-5cc9ebc6e258,4
518c11aa-a54b-4f8b-887f-fdce97392108,4
775a3589-ff49-4283-abcb-b447aa49ce2d,2
9bd38291-c4f4-4343-8819-1ee614d9f76e,9
ff294f06-dc36-4f97-8853-ccccb489089e,0
f8871100-eb41-48d8-ab2a-fa449b164e3c,6
36ac485e-5350-449d-8b9a-8b458ea2c870,5
54e3b674-c54d-41cb-9838-5e9dab9ea29a,0
6bbb687b-0c17-4424-99a3-450ca12c7dd3,9
d45c3c53-83b9-49e0-9348-1aa6d07a6043,0
e9260096-19e3-4ff1-ac9f-35f4b718f82b,6
c6533abe-baa3-4eb0-ac00-272e0cceee26,0
d371f3f0-d43c-4c9c-a6e9-71af18df5eef,2
81013f35-5991-4f1f-beda-343a3ccd1743,1
15f6080e-90ec-4f9c-a609-52d87611500d,10
9e49b60f-0501-4077-8560-e60f67b30f75,10
63dcf7d7-6d79-485d-b2f9-18a579972623,9
1e90c7e8-b2ad-4fe3-884c-0e30f1d4b829,3
834d33dd-03f1-4ea8-8fb3-21995f5abdb4,6
2156dc67-7249-4bf2-9e81-721b6f26cd3b,9
c71a5f84-d1b6-4cbc-adbf-7bd9140db877,6
944d1b6a-af6d-479a-97a4-7ba6839525da,1
eb15101f-8008-4603-8c35-f39e46cd51c6,1
dfd43d76-70e2-4d25-bad6-5af268a67aff,4
3594e326-b5c8-4280-8044-b67bc7c516f7,9
f21dd987-1b4f-4a4e-b5e2-97a98088ce1d,4
f6ad67a7-3f0d-4fe9-8b0d-53eae8de708e,9
696227fd-9496-4128-b78c-b6814b08e558,4
3ff65c91-9e71-4411-9bf5-df3d90534329,0
fd3282a6-94a0-4744-810b-e4de09a275a5,3
55160352-6866-4683-a7b8-1b5e4930a819,3
f09ad7f3-7d75-4d50-a1b4-0a16a0468bfa,6
cd97e1c3-e00c-4d7a-80ab-15f287572e5d,0
66519e96-8a52-46ad-bafe-78770770d8fb,10
c13cb16e-e016-4bde-b5fb-b264c26acd51,3
64f25829-25c3-4956-b81a-e0849a70f813,4
3ea78049-9f96-48ea-9049-b82b9cc971b7,0
6eb0ca51-9870-4b36-90bf-cdd20b499781,10
ca878c75-eec4-4a1d-92ad-8112588acf97,6
68b05c0a-64ec-47ae-a035-ffc4ef214f59,3
a69d7b30-53e7-4892-b687-e13727d7249c,4
8cb4b77f-6caa-48f8-bfeb-01a14486f4fb,4
de32c8ea-b8e8-4a53-83b8-6db208156da8,0
35ddd35a-c93c-4ee6-aa63-800f42f3303e,5
b95e632e-e391-4807-977d-21ae3ef4d1c1,7
fea0c72d-5955-4c1e-8e85-825dee1918b7,2
c3c357ed-9500-46b4-87e4-46c61d9fba70,8
3acd8082-1b2f-46d9-bc0a-8274fb65e44c,5
52133a48-a659-4037-9441-51c77dc94d73,4
91dc939e-4f06-4e8d-b3c0-71d07fc2ee27,10
f452a641-8fe1-49a0-ad0a-c32d9e25814d,8
8c615adf-9f3d-456b-9851-a4a00a79cd16,10
603bbdfa-e68f-44ea-b2f1-2b4ebb6deba4,10
4b92e1c4-6ea2-4ac4-ae5b-f936a46744d3,3
f945cc58-874d-43c0-87aa-06298cdfa226,7
0a350f95-420d-4d2d-8f68-0b118fad379e,5
e6589112-29fa-43d1-a287-d4326098c49d,10
ac19be68-b255-4d7f-9e57-10fb0da58f07,7
7af7b453-a001-459f-936a-9e7a6e2e014d,5
da525fd2-60c2-4b07-84d8-c2835377c361,8
84f69371-b32b-4c29-b2a0-54ce75053c15,0
77fa53b9-1e04-4b06-a39c-158fbec9b8b1,4
29af534d-9cda-47c5-99ec-53be4a6b5968,4
81782417-914b-488b-a1cb-4160c28b3ddc,2
2fa89543-ada1-4d8d-8837-812c7c925ca2,6
6ea9f05d-978e-4ac6-b84c-ca40000c4372,10
2dbf711d-2cba-4023-9fa5-61690eecb2af,3
92604c28-6749-4fa5-bee4-f4b320d470db,6
41123563-e8e9-4a1f-8b9e-5b475b0f6579,5
84a1d775-b82c-424c-9251-f926cb60e0e3,9
11c8667f-6f56-4fde-be10-5300c4b9ab94,0
3c174e5b-2027-4de6-ba02-ab7db29d0672,9
5c09f50a-e333-4624-95fd-91195030488f,1
66ef8cfd-ccfa-4776-b870-d32e23160344,5
c08737a5-4767-425f-bd69-fea38fef7606,10
714c7fcc-fe89-47ff-8afc-de205bae537a,4
0115c45d-023c-41b1-82e7-ce4bfa876b76,2
de5b0f1e-c384-4ae0-b43e-cf172c23a7e6,9
78662bc1-d9e4-4dd2-be84-9a3286056553,7
b8471b06-78df-4d17-97f0-a521f663e84d,2
e637cbf5-8a8e-421c-a81a-cfa8f2d1a19c,9
42a1b324-db12-4f1c-8861-ebcfc670d868,1
45d9b47d-bc93-4b8f-9ce5-ae7a600af264,3
b73e1824-b6fe-4ea4-985a-19402414c25b,0
976a4e0e-9bd0-4ae8-8105-528371ee5b93,10
e6b7c81e-38e9-46c2-8a08-3a853d816b7c,0
01de8bf7-ce80-4daf-9537-056120f51c98,10
ffa8c9d9-30d0-4189-bff2-c1d2e7936930,4
19e51053-1fcb-4fdd-a9e8-9d22aaca2c5b,8
6287c361-530d-42f2-a2d2-d012bdcc4e76,7
dd0d6045-e010-4bf5-a893-71dbec4817e5,10
2fee78b2-36a4-439c-b432-65d79b9fe176,7
762081c3-4ab6-474b-b095-70e7f34d1886,9
b800f7d4-b30a-4bc6-8fc8-3198d30f7f86,4
246e3b89-60b6-4767-9a5b-1f159347558a,0
7569b158-e54c-487e-aaad-e8eb604a8e4a,8
c0471854-ea83-4f32-8295-0a97666dd18f,9
1d3f039d-a180-4c98-b13d-1826dabba6df,3
69e79433-b02f-4dc5-8329-be77ad506ae2,9
abb986cd-b712-4f81-aedf-213876ff842a,7
8552be88-d0a2-48ff-b9f1-d0aabe87f9d5,3
8fd8f3b7-3df3-45b1-bb1e-ea677fcbef68,10
0454f1fb-b5ac-49b1-8dd8-b6671e12a20d,9
a1d19ea8-81a5-497d-a4e9-47a48c29e59f,3
96964122-2650-435d-8bfb-af8388747e60,8
20fc7ddc-9b93-491c-9d93-74e8a0f59231,6
9cee89ec-fad5-4046-8ca8-4abc3bd902f2,10
39ea7179-b4d4-49aa-bc64-c530bfcf0bc0,7
cc100d41-6cf2-4e9d-bbae-235cd3d9886a,9
594829f4-85cc-4207-95c6-f760d48e5d36,10
7c22e752-a274-4031-9f58-f17369331ff4,7
86ce7985-0e2e-4bb6-9851-ca44385958f8,0
237e0f55-4840-4ab3-b4ac-56a9eb2a612e,8
67bc4bba-04d3-40e3-9787-840bea4d705b,9
0c4958f7-633d-4cdb-b636-d8b8539b13e3,9
c1673bc9-9ed1-4689-b0e2-4244293dfb45,8
81ea01ef-e376-433d-ad50-cd742d5b6d66,3
10d7267a-5164-4958-8699-6546ee23df29,10
994cf5db-1e29-4017-976a-ccf18f6e1473,10
4a30c4c1-940e-4299-a922-244162bf6c58,6
25d5b9f5-81b6-494e-a520-52d314ee106b,2
17c4112e-b29b-4fe0-a3dc-67ee370e36e1,10
4a1256f7-b058-4ae2-ad3b-e64029bf2e5b,9
9f619c78-5763-4c0b-8f71-0d139dac29aa,10
a5340fb5-1936-45e0-94c1-c5fc78eb76d4,10
1920d9f0-e427-4794-a512-465eb03ae8e6,7
8ac3ce4a-edcb-4c51-ada6-f79a0bd32b0e,0
b2a2fdce-0b84-4709-9272-5079b07d177e,1
7505ba9c-460e-4dad-a448-931d8fd47262,10
abe2e18d-8795-4c77-b426-035cd5084f19,3
bcce825b-eb7f-41e0-9416-a7329fb235aa,5
f1c533dd-d59c-4ba7-a0af-e4d1184ae6ea,7
cf2df48a-2ff1-4ddd-ac0d-e4100a2ff05b,9
a417cc88-dad3-4325-9515-1a41e88c0542,3
acfd1ea2-753e-48b5-aa48-f9af6bbc66df,10
60f280ee-9bc6-4274-8cb7-a8d57d930d2a,10
71eccf56-b0b4-4129-aa06-b77cfbbedd6c,5
d06583ba-2b4f-4d4a-bac2-765cb305ec52,8
f2874468-af6f-4372-b4ed-41e545a9294f,8
d7d93225-73dc-48ac-a399-10b198e4b0fe,1
cf4a8a74-d4df-4dec-9a4d-26db952a274e,6
778326c1-61cd-48ba-891c-de1305f9622c,3
c513c6aa-dd55-4c7b-9a02-630f9f606fdc,10
48d9146f-714a-49dc-9adf-20dace2475e8,7
3431b628-9d5a-416f-9803-11d4db07757b,0
0a45772a-74e9-4087-ab48-d63f0881b146,10
cc8e8a01-7133-49d7-90c0-19ffb00761f5,1
02ac1ca1-c755-44e3-bd8d-10d9cd3a899e,0
4afb9bdb-bd26-4ece-8148-9e310b87edf3,6
858516b9-6e0b-419e-8cac-0997973fd169,9
8f438b7d-c8ef-4c90-9c58-ea2d228884cd,7
01f5f6bc-6a4f-44c8-984e-680336423b2a,0
1f840709-65e6-43c3-a0c6-284a1f1ffd04,8
ccdbbfa9-aaae-45b4-b838-875132f6d0b5,10
64d25588-d984-4a18-a3fa-8331121ccfab,2
834ba33d-ac14-49e7-97a5-f5d0c822e56e,3
572f6f3f-5751-4f43-a331-bee08175276a,8
70645da3-55c8-4def-8315-3ced5e6d0592,0
5e468f7d-97d1-4a19-bb50-7de91e9ce63b,8
3930f106-d948-4d1a-927d-2d70731a9b20,6
7cdfcbe1-e805-4329-93f8-46c86315a419,0
c579d63b-c0b5-4c93-8efc-64681e05af6a,8
1c408551-8f2b-4036-95e2-27739564d3a8,0
9ea34273-2016-4604-a75e-f59461aca9c6,9
1cd11afd-7f10-400a-ab43-e0eda1d05513,9
fe76f109-4e4f-46eb-b0fd-1445040e8a83,0
93f9a118-3972-4b43-887d-f78e0f84ca5a,2
a2ed1832-76e8-4fa7-b6fa-9e5f7b83f5f9,9
a34f61c5-f8a6-45ee-b9ab-3d6ad1ce2746,1
eaa95864-0059-4643-899d-d12164387fb7,7
21cc91c0-1d15-411e-beac-b1470fe7a785,9
08d7ff8d-16a7-4d2b-9fbf-2991f0ed277a,2
7eeec476-9c4a-42ac-82ea-778e3caca21d,2
4c26d4ef-1955-4cde-9b3b-f4b4cae2cc43,10
1e5153ac-670f-4e03-89d4-9e9e38a311a9,4
a597cf24-d815-41fb-ab16-2b3ef349adc9,8
5e6635f0-5b52-40ad-9cc6-bfc99c9d9d29,5
6faf851b-73a6-4c34-8489-37d785948243,5
8491281f-c8a5-4802-9e87-5bc8baaa5e16,8
c5ec2c3a-027c-480e-95af-37a464e925aa,10
4b03f078-fce1-4910-948c-c8320154fa5b,6
f3e46501-a428-458d-a61c-25fcb45b3e00,9
b0f8b688-bec3-412b-be49-b4608ab801e6,10
a855c684-bc7c-41f7-800d-abc2d998d662,4
a394b8c6-bbcb-4037-ba7f-3cb0430232c7,6
1ea0363f-9b97-46c9-995d-426ce8eca4be,6
2ef8d58c-3551-47a9-bd5f-bea6efef99fa,9
69477839-1fff-4ffe-9901-12c72a6d5779,5
9f55bb0d-eaea-4d0b-944e-ebdf58d07ec8,10
059b55db-977f-4614-8bb8-37a6c76eeff1,0
193db955-4e68-4c3a-a598-5ce15cf677e7,6
235465ad-3d6e-46fe-8a3f-8afe6b66dd94,9
a0e3d2c5-1866-4927-95a3-82063aee2561,2
9351235b-d232-41bd-8a35-4d0302f671ee,0
a99a75f6-16ef-43c6-bf68-c3e811fc38d7,0
ef35c70e-7394-4511-8221-673f8c634619,10
68037f6a-43b9-4da4-b19e-f4b32f6a07c6,3
1180d0d6-2ae3-4ab9-9ebb-53656eda0dbc,3
ab4e6b29-40d7-4be1-ae63-a02f67c7fe9b,2
819a4fa8-0672-4c7e-bcbc-53902f15d396,3
9b8a3f79-336c-4f67-9fcd-bd4d1d1ca145,1
8026f5cc-d843-4230-b2bb-6a8ba2a54acc,9
140481d7-af3a-4a3b-bbed-1330af34e0c1,4
4ccd1f1d-007a-483d-a3e3-db9c6f9d33c0,7
23d2cb33-f4ed-4093-81be-4b94868b832d,1
58313cb6-2225-4291-9aab-c174db168c7b,3
2fce18b4-bdf0-4197-83d8-bb8a6202885c,0
07f347bb-b036-43e8-80b9-52d1bb17cfb9,8
b8205065-83e0-4e4e-ac31-83061d6924b9,2
6cd450b6-3ba2-47d1-81bb-8e1db5769f27,7
b7b72e00-b188-40fa-9c3f-78cf00df423a,7
f55160a4-5bce-4fd7-93b6-84aefb8ab17a,2
fba6e076-6d30-4836-9bd6-4a13c82c301f,9
20b83bae-b2ab-4a87-b563-0e8573b57fa3,8
6532654e-9fa4-4867-83a8-5519fce4d528,4
3edfe635-05a4-4e0f-8ad5-58dd578b202a,3
fbba8893-2ae8-4563-b8b3-d181d0fe9927,9
57f20dab-19d6-48a3-87d2-d349b716fb01,3
7d6b44da-a4ed-40e7-b014-f37012892067,9
cc7669e1-2170-42f5-9089-92950fe37261,8
cbb8e14f-61fc-4405-a420-e5d08e671220,9
b9bf9a6f-830c-4e81-ab7a-3be8d8e13785,1
a57610cc-5a04-4c7f-8d78-1c87243173f7,3
56a6894f-beaa-4bc7-bab3-d4852dc50566,10
0bde0911-7a8e-4fe9-a8c4-53af9f4ac522,2
b60749f0-084a-4a50-859f-5c31a97df96b,3
7b5ebe6f-7243-4441-8722-fc7844a3a0c7,2
9a1ae1c5-b328-4ff8-b8a7-fb113def365c,0
065a741b-8cee-41c8-b805-3414a8d64281,0
0002b8fd-e185-45c5-a1d8-f30608c6ebbe,2
dddc3d80-dec1-4d68-a515-e7faae19b3eb,8
6400e324-783c-4f8b-b0c8-adf42ce8cd76,7
08db8cec-4c56-4b7b-87a3-5b8163af59c1,2
386ad3cb-7712-48f3-8805-0f3bf65d4880,0
06c14e26-9c7a-4f14-b76f-b13b5f1a0bac,8
64ad99ba-e529-49d3-a5f5-a280c1487e05,6
7aede8c9-b9b8-4eff-839b-97c5e17ae133,9
c00b7d9a-2a26-479e-8b86-2aec88d114e7,2
dcf18f78-d34b-46c9-b765-218e64e54456,0
31d3ef0e-0f90-4dea-883e-e8a84d298c50,5
7866b1b4-f960-4a90-b8b4-a44618394e26,9
9c0abc11-95b6-4c91-939d-507c3ac00a64,3
d20abf12-cc7f-41f5-987f-4b1fa6a19eaf,9
0ebf53f7-92c7-4736-ad71-c4b9e1d70984,0
859fd3c9-c6d3-4cc4-b997-243d9df5bea8,9
9ded01b0-5b2b-44ec-b62c-f4b51a1f45e5,1
ea392988-962c-4f6a-983f-880d727f6659,0
5a458961-2125-4eee-9e65-9e38c3ba8d2b,8
b78894d5-dd19-4ec8-9818-e67f0996c2e9,7
7e555589-756b-4ee7-b1a4-a35f6380fb5f,5
73dbb829-7061-4eaa-a5b6-637e1c5120a6,9
9f8a3f4e-a0a6-42e2-b976-bdacb70ca755,9
6847bb83-d707-4c62-8812-bcaedd88ac80,4
0cc7adfd-ee40-4fdd-8fb2-14c4dfcd2221,2
9d233dbf-4d28-48d7-b8e6-c7167c5de404,5
14027c7f-0ec6-42b3-ab67-45df4c17c636,9
fbf8268c-9140-43a4-ba40-d72100910b41,8
2537f106-8106-40c2-b091-36bc4d1af119,2
0f60a5a6-28e5-45a0-a247-5ccc658a361f,0
378796ce-5c8a-4958-98e0-0a0b32a06f46,4
8ebab04c-f011-4578-be64-52fb685bf78c,8
6f28730c-faec-41c8-bd02-fda6da0504cd,9
1f9ade73-d1da-455a-88b0-fd0f894b90b2,7
bd281904-4059-45e7-a6c7-b76d300baffd,8
ac9f6ce4-7dbc-4e39-83b6-8a681587344e,7
e7ae057d-ac56-40f9-8544-f02e2b6816b9,6
916042f0-4b8c-4bb6-99af-74cd2c40a837,2
008520fa-5ee6-4a34-bd0d-680f0000add9,6
5f24ee22-39be-429d-b3e9-2074b656a5b1,6
5d68f2b2-70e0-4835-b19a-ee1ac2da8873,7
31a13a3d-417c-4638-8fc5-6790686028b8,0
5c4689c0-9244-4128-8d19-a387ce15a423,0
1043d715-59f8-4516-814b-1c96897a7c6b,10
34c3e634-5bcf-4c47-a992-ddccd480754a,6
1291dd86-9e7a-45b3-ab23-81b47155bee1,4
736d61e5-7d03-4d4e-96c7-65f4645887d0,3
f50155b7-397f-4c31-83e1-1c0d0f7a37f1,5
a8eb842b-c278-4d81-b638-34d9a613ab06,7
09a8ab03-a9a4-4919-aeb5-52d6e7055a32,8
2030d0f6-9852-4074-b7ec-c4a9abb56e3c,1
849765d6-413a-4179-b1ae-1a7c7e7ed5c8,2
3d459cd9-d567-41bb-a684-887b27cf9ac7,7
2e51695f-88fa-48f5-81a3-4a3244a73f5a,10
efa1fdf2-4dd7-419a-9b85-f0483632c48d,0
3a6a0e94-4675-4489-a5a1-e05263de29df,9
8fb22fba-6f06-484d-b555-743b5aae0be3,3
1d06e7fc-e14b-4464-a388-607a9fd8f7db,7
05898bd0-fb1f-4bc1-9fff-9852fce9a336,8
1537f6aa-4fd5-4241-bbe9-07a8a3868541,2
e03b0143-fd78-4580-94ed-ae64a26c05a3,0
f79829fa-0472-43f0-b738-d17e0e2f7d25,8
7a725a74-474a-4ecf-bd5a-214edb7b85dd,7
5051a979-5b64-42ac-85a3-5018f63e731e,2
72792ea9-52cf-437b-9470-d105e6614488,2
3de8e6f0-cc5f-4e10-adbf-a0a15f1bab64,7
3d5c00b0-877f-4bc4-8b4c-d51ad98078eb,1
d8d10529-5f44-4a22-968c-f64780f7162f,6
f4272138-a576-445d-8169-dba6339f4bde,9
b5591537-2c9c-4bde-b98e-41eb3099836e,8
2d59da0a-d63f-4873-af7b-0ea05dda0fc1,7
991a76a7-819f-4e73-9756-3daf7a9ad665,0
ab79c200-40b3-42c4-941f-d3698d066641,5
0299e73a-9985-4f1f-9730-fc90619ac1cc,8
8e9dcfc7-7aed-4116-8241-ef2489e73508,10
88e04e90-1dc5-4cd8-a20e-3fda665e6a5e,4
6126b187-7fe4-4672-b56a-26ad017106c5,10
4632d510-d809-46cc-bc92-f3de256e6dda,9
c8024982-3201-4070-a4f9-f0f592b29674,7
eddd21c3-94a3-4859-b7a5-8ba6e7e8b33d,7
c687e11c-b203-4791-b186-c7d0a705a7ff,1
705930e8-3dcc-4676-a589-8d315ce6958a,3
d0f02602-1645-4e78-af68-a708e8113c3a,9
b8043024-bab7-4bf0-8791-192beb4c60aa,2
99e69061-8810-42ed-894d-e47e3b8770df,7
f2c47f66-6c7e-4b6a-a5d5-077f322a5e08,9
bbdb0bd7-d372-4577-95b1-0b195c8f3619,0
1f68a6c1-6a46-4da2-8f67-61cfd5098c5e,7
89a01ea3-049a-40cf-bb29-cd36301881c4,0
2ba6b8bd-e610-4e0e-85f6-fba510c5c8b5,8
83213f62-8538-43d0-ba4d-153fbe615901,0
408850e7-a139-4e92-acb4-14438adc7cad,5
38fc65c3-00eb-43b4-a58c-cdc58abd7af5,4
623aabc8-51f2-4da4-b720-19cd96b49fd6,4
8b71d5fc-6704-4803-a373-1c8b1ccdff4c,10
f12d130a-655e-43a5-b476-bf1b1a5e2643,0
793d0064-e88c-448e-8e43-142f101bc57c,8
624f6b14-3fa8-40ff-87d6-1a9c482e5629,8
1bc334f5-5b0c-46d3-a80e-94b4bc0b2585,10
3294cf1d-dcf1-47b6-a444-5f024636b211,5
79437921-87fa-4964-92a6-557b77123969,2
c067f600-1996-4c4f-8221-900463b462f9,4
dcb75f40-a7fd-44eb-9c94-b7f5132cb844,6
1f45ef1e-1719-4b55-bfab-77b4a9d77e2b,7
2243cd67-76f0-4a5c-afcc-5b231b0c19aa,2
80b50723-1fc3-4ebe-9a21-a175a9b2ac11,10
dd6eb225-6df8-4b00-8968-0ff89152032d,7
f0ad5c68-9b01-483f-b756-433ca2ac4288,8
1df7f982-00b3-44d8-88f4-d78a72b305af,0
aaa1c3b8-2440-44d7-8c0d-106ccc752e57,5
cc4d3abc-bd03-453c-ad4d-e20179a82630,6
2812b841-ff69-4db8-9a27-e99eaeabf4c2,9
da965577-d721-4aaf-8585-7d38f1dd4bbd,2
23eb3a32-1022-4de0-af2a-adb83843f47a,0
19936b08-a9cd-44d9-a54e-dc58b7e125f6,6
0604069b-0fd8-47af-8be4-dfa4110fd6fd,2
a5e55c18-a06b-4d0a-8895-f09baeb05f97,10
b8b32e86-6f44-45d0-8490-a9c484be3d6f,9
e3a3dea5-7a5a-4f96-8c9f-1640913a28e9,10
3744f182-80cf-4bc3-9624-f4968f59cd02,9
9fd67b30-39c2-42d4-a23d-92195d94d44d,9
78ce4e5c-2ba0-4264-b645-d9a499b06dd6,1
29a51c25-951e-4554-af23-183eaade0fd1,1
7170acd8-7695-4be9-9b42-0ff23e959a93,3
6d4b9944-668d-4187-bce8-78236ce98515,0
ec7d5c30-74c7-4175-8545-b3c9e11da3b1,7
fc90a2b8-17d3-4e88-a659-a0c16f358a83,9
b1228b6b-1144-4a50-934d-e4ceeb4da4f1,2
b19fde3a-757b-40a9-b1ba-ca2f76add8fe,9
6712cb9e-119d-4072-897b-b8f50561aef4,0
b3fd9e92-1031-40cd-9f23-b93f64e51df4,4
e3f25204-c858-40e7-bb04-78014cf50fcb,9
26f2ddde-9c3f-4a7c-9771-2a2ca1838452,9
7df4aa07-2877-4168-a33f-961ce9465602,8
7a2f1e5d-9dcb-488a-a868-77a113f936d1,8
9c09bdb2-bfe0-4483-9b89-8fb5eddca02a,7
fdf478e5-1453-418a-87ac-a7c0855cde95,9
b93d309f-36ed-485a-8f80-e7eed5ee4841,7
f61b0434-ca55-487c-aa2b-fc01f8f5f8ab,10
35d777a9-a26c-466d-978c-db7c1755727e,3
f5ba8eb1-1117-4f5a-b920-453a2dd512e1,6
d44b88f4-59c7-4db0-9396-6311af9c1602,0
ad3d82a7-648d-4d82-9fac-22fa48059482,9
5ae6b0c9-5fa2-4c6b-9cd8-7a2657e9594d,7
fb620bbc-dce2-4740-b9d5-04840b7b7c1f,2
8ea89d40-a762-4209-a948-f9360799a1d0,8
5a10bc68-e154-4e0c-a9c6-a52a86202668,9
94683f36-5320-4446-b272-af8eb83154b1,9
4567e08a-c3c6-467b-9ba0-83dbe5719b91,5
56052df5-1c87-416a-a986-0b10dc11c06b,8
5f757235-76c4-442d-aa53-fdd9f858f57c,5
d324c2e5-4366-49e7-af89-8aa956d3fc7b,6
df7f9a5b-89bc-420c-86d6-53116f6b5b40,10
ca7b4c88-8750-4c1a-93d6-c7d510f034af,5
18b97d6f-e336-49fd-ba52-388dc3e93292,2
e9e530d0-5e5c-466b-aa77-a62e76eea67b,5
81c7fe5d-6459-40cb-b8bc-76baa041b761,0
da21cc13-a64d-4bd2-a0fe-79195c5eadb2,6
d122a761-ee09-4712-a1db-6efc7371005b,10
663407e2-881d-4da9-a8d6-111545f2c735,6
7079bbba-e8ad-4cd4-953c-3e55331c684f,8
6893da76-832f-4184-8124-4014ae0b8346,6
1d09ba78-62b1-414e-9812-2736fac20659,1
d5889368-e59b-4022-9c8f-169842afb981,9
62fbc147-9351-4de5-ae6d-5cbe84e0b54c,2
39bcfd84-0367-4257-a40b-3217a8eb4fdc,7
6f42a90d-bbc1-4afd-910c-3dc9da84f980,10
1f9c94da-ed8d-4a4b-ba3e-abf2e72e8d16,10
07e9a670-9edf-47b9-afc7-1cf6ae9258d2,9
f5b6b2a9-3e39-451a-920d-016f4c4da9b4,6
4f0ff6c6-8428-45bb-8af9-4fc1f9687803,1
7ae1b67c-8cb2-43e9-ba58-3efe60bd89b0,3
3568fe95-2c0f-478f-aab7-2f2f4a60dfd0,0
6246c29f-e943-4554-8e52-134aac39ca65,6
f9a99761-73a9-4cf5-a525-7b95e0384e73,0
e8b01a30-62ce-41f6-b38a-c524fd8a56a4,3
0be5b260-c4f8-4053-9d03-cec2710a11b3,2
386cc980-cd42-4db5-8dc8-b5ec28db7bdb,2
bb73ef94-85b2-44dd-b18c-38b66a87c04a,9
8cf28a0c-f77e-4467-a4c0-e71702e1530c,0
ec7ff850-f696-497c-ac45-646aede673dc,10
784a418d-aca6-4b79-be07-a606b513de15,6
ea71b273-333b-4e47-b80d-e182094af5ec,4
a4eea373-8156-41ab-a7e5-264c2a874541,5
98df259f-7c8b-49b5-aff4-293b1493af85,2
dcd853a1-431a-4925-b435-407e2ec350d6,6
34290d27-6079-4b75-baf4-99b787724a68,0
e26dd934-fd9b-4766-9b72-035bb9d67ccd,9
85bd7312-4115-4a2e-a56e-8a1e5fd6625b,9
27f487c8-3877-4a8d-9c36-e5975a31a132,9
ba522367-abfd-4729-a038-f2934d98fa72,3
34a18837-f8ac-4468-aab3-06b47882be39,1
cae2ea0e-0f32-44c5-9dc2-a401835e8eb4,9
2fee6606-659c-4ac5-b90f-082ba411b734,0
1945a8a1-bcf7-43cf-bbe9-e4a63b28fd23,6
51ccc7e6-e9f5-43ed-a008-89b2ebfd7ac7,3
57a8a5d8-e8a1-494f-8aa3-15e78d525fd4,0
2c612b61-5718-4c81-93a2-71e25a1ebc34,9
3d122ad5-8597-4b7e-a4eb-0cf70dd76c3f,10
139c0bbb-3e2e-4534-9a42-a44041ba6c3c,9
b4daa383-adaf-4371-ab18-a6e733a1d665,4
b285e3bc-4e7e-4798-b778-4bdfcf51f8e4,5
8e02da7c-ceed-4be9-bc24-4cc6df9ee179,10
ae2d5b25-b7e7-4d94-9453-64367e7761e1,5
afb21162-eca5-457c-8756-2f62d2ebbf6e,5
39e003a1-5b4f-4a2c-938a-736b474d8817,7
e4e466fb-df71-4801-8eba-fa8eecec347e,6
addb2454-c207-46f4-8e53-c253847f3ed1,8
87cb27a2-f27a-4e38-9f32-d68e81f25642,4
7556a0b3-cf80-48a5-9b03-30894ff7bd06,10
b56ab258-dfdc-4e4e-b674-a5fc2723511a,8
ba01de99-a335-4e1e-a552-1aaf7abcc82b,8
71f74a5c-04d2-4de1-a811-837b1f63af27,8
ab825482-82c5-4e21-8bfc-344218aa5e92,4
efc39dda-7559-4928-804f-b41eb797fec2,5
5332b071-198d-496b-ba25-776f0b226c23,7
77e2f9ee-508b-4f89-a0f2-d3e8d31440dd,9
51b53f3c-a04b-4d5d-ae92-621eae6d0a15,0
2895e9ba-6136-4dd1-8dc2-4d617c92379f,4
08427a4d-faa5-459a-a6e4-080d8430570e,0
c3df0bc8-cbaf-4e6c-af6c-a49f8bbc168a,4
9325c131-7430-4351-b7a8-2ab0a8e9d20c,10
a78d9698-b4bc-42b2-bb1e-731e76a5e259,4
bf6864b7-7752-48a5-9322-320deddb445b,1
2b57275e-16ed-420f-803a-8340c4e72915,0
c89b911f-80f1-4035-b4da-8d8930815005,6
bee8213e-af3e-47fe-a3c8-26dc309a98b2,3
ed78fda2-0b15-47bf-8e6d-b44241251ca8,4
d40cc3e4-8f75-4faf-97cd-aa34be79da10,6
6e1b2864-f341-43a7-aa00-0329c53c6ab4,10
eb205943-3be5-41a1-8b85-6c7a1e873b33,6
d5e37aea-95e6-4253-ac89-ddcde0ebabb5,2
87e08681-79c7-4b34-8da3-7c868b3dc968,2
03db9d50-ab7e-483d-b735-5cdd60ad2158,10
ed8b4801-fcde-4eb0-a543-e5db0ea698fa,9
a19b88e9-244c-4dea-9a79-fd4f2ef35030,4
8eef3965-69ab-42ff-af85-83ac903df185,0
e22a29f6-0474-4db2-8797-f0254506958a,4
749947af-5685-4219-a670-1cad33598067,9
6d2c173b-ccf8-409d-bbb2-bf1d1a5b3829,9
22737a19-e8c8-4747-bec9-bce7fe962bc3,9
a61c7849-62d2-4b58-878e-ec207348e9e0,2
b7c991c1-58c4-4846-8462-1a47f86d8de1,5
add30775-f82d-4f28-a47a-b2238e3b8b03,10
c91b7451-f0ea-48bd-8ae0-f46c510469de,4
cfe09b93-c360-4c0d-8dbd-6a5a897b5d3f,5
0cd19690-9463-4c4e-a412-f5bb06abbe9d,10
dabf41d4-41ba-423e-9ad6-1b1c095b8608,7
57fe2c23-be99-489c-acf3-0e33152dfc31,6
907d9e41-fc04-4faf-a068-5946fd87bbba,2
bc403e13-dc59-4706-8270-7079d9668aea,10
514cb975-ef7a-4c91-8654-5d0c6692b144,7
4127a374-4c4e-4941-ae95-17ec9f16c6a3,3
c6001df8-bc6c-4e24-9e6f-f3c39fb66c29,10
8e6d698d-8a36-408e-9bbb-f35ee88d30b1,6
c2d844c5-3115-447e-92d7-34a53c7db07c,10
e31a333f-1e5d-4275-b36b-d0ed0c4b29d1,10
279b0b49-93eb-4411-9d33-c94e3a42dd23,3
ecc85bad-08ee-4c4e-b4ff-b4dad6c6b48c,6
2173559a-b531-4577-ad84-8153b199875a,6
835bd7cc-27d6-473b-b48d-b9510295a4ed,3
2bc41725-90b4-4cf2-8e5d-45c5cab1c0e6,7
3019a172-5b15-437f-ab9d-e704e7bde3d0,9
95c8b741-520c-4383-882f-9f8f6759960d,10
a5fa8332-3c95-4e84-aea3-f53a91db6bfd,2
65ba3220-9fe2-407d-96fb-2d1ce6d84856,6
5c10c067-ee74-4b31-9513-a6b350cb37ac,2
59e685e6-ee45-4b7a-b449-e3cfcccf1b22,1
7143d7c9-b56a-48d3-b029-fc9814f93dae,2
56b7c652-99a3-4eff-9f4e-d37d2cf67266,9
40358c8a-45f2-487a-84bb-7cbecedbfc6c,9
df84e7c3-7003-4d7f-a384-acc136a9b176,4
5a7fe8cc-0fb9-4739-b7da-3f2294a5de0c,3
66887a0a-3972-4b4c-8341-493dfd1d77fe,5
1baedb60-da3f-4ae2-a0e6-c1ffc7f8b064,2
c40c64fd-5080-42cb-acb8-bfdec161954e,8
da375b97-d0bc-42b8-aa48-223cfdeb431e,0
a44d0624-9b97-4bda-8130-abf0b21d0eb1,8
7bc684d1-777b-4c17-a5e7-fe891dc40a89,9
d8576a67-34da-4ddf-826a-f7667cdbc59e,7
ef775fc3-2062-448a-ba4f-b7a27294460b,8
0aa1ee17-255f-4640-9686-d565add0423c,9
9a6249a8-e3db-43ea-af82-bc9c57a76ffb,9
d6d9fcfe-2544-4cdd-a488-4aeb20194d9b,10
165a603a-c4b0-42a6-842d-8f59050086f8,1
3c26b5bc-f368-495c-ae19-f00677a130ab,9
b275275b-ed57-45ad-a031-9182b665c291,4
13f449b1-873b-49ab-986c-262e99d6c8ab,2
385902b7-99c2-404c-a5d9-cf99a8d11c0a,9
5b5d5a9e-5506-4053-a9a7-fd92a3ebe84c,0
ac0a306b-4663-4d67-bed6-d749f0ae622d,8
97ed8412-0bd5-4197-8004-280951099341,9
a9ede833-6c94-400b-a8ab-a79d87114d37,3
51df1606-2d27-440c-8a8c-13daf95d0b1d,10
b0c10749-02c1-478b-a206-d7278e5578c4,7
26f741f9-9481-4ed8-9d8a-850427f985e2,10
abfb6c36-f140-4438-8558-59e1e0ffd187,3
416cf250-a0d5-4f77-a6a9-e317ffe82143,9
aa4183f7-0a1e-487e-beef-72949cfec9fe,10
bf408452-d320-414c-8bbc-d22f937403d9,0
1ece2c7f-dd40-45f5-b6e6-3c2860f8638f,2
6204b9ce-4ea4-447e-a2f9-c6ada1a3d401,10
d0c32b35-544f-4fe8-8364-6f6d681df2ed,5
597c47ad-6590-4c5b-aec7-78146a381314,4
418acbd3-615b-4af9-96b1-bd5fb8eb8f62,2
430c809f-561b-4a7d-ac0d-b034e28194e8,5
2e8fda18-2e24-4ee7-bbd8-6aefeb23c9e0,9
e5358e12-ee16-4fc4-b9e5-0e3e7952a17b,5
aa7a8b73-dc4b-4f2f-abe2-04edda3f29ff,2
7915bb3e-9f62-4b9a-b06e-1b334a01daa0,5
8c64725a-68bd-42a2-afbe-c241f2254220,1
3b31439f-916e-4bdc-9dbf-2543a92068f3,8
d4122fe0-31f7-43a6-9908-2c226366e8a1,0
c212fd8b-10e3-43bf-8b24-decaac156356,4
9f6945b0-0545-484f-b509-a669aa042a52,1
d287b84b-8eb3-4ad8-91e4-615943bb9cde,9
a09ba652-7403-42d8-94e1-f1291086e2f8,1
7dd0ab43-ef62-4050-a2da-c71718815a87,1
68b3a397-07e3-4ee6-aafd-cf13de594c51,9
b77ebe5e-90e0-4d13-a497-29f149027f71,4
5b5a5dbd-383e-4a57-8738-41db119db9ef,3
58fd461e-9811-4e00-b634-626adbd619e6,7
7911235d-7e26-4a71-9ee8-3bf78edc5fd0,2
faab1bcf-32df-47d0-ba2d-8040f2c115c6,1
b5a5a544-965f-431f-8b9e-bf15e0b7a23d,7
4b49cae3-95c3-4e02-87a6-41515d888e9b,3
8b3fc119-ae2b-4405-811c-9c553b61ec2a,0
1902c706-a1ba-459b-b893-4c981348442e,9
30dd373e-38f2-4c44-b314-7bbd7b82e188,2
ac14028e-efbe-4f81-b39e-68fa0a636d1e,8
1aeeacf8-3b97-4d23-b767-d36b6e90e3cc,7
b2cd2cb0-5d7f-4a7e-bbd8-31fd2bae551e,2
41d78f8b-3b68-4763-a3cc-92c6f8135daf,4
1fe4f969-a81d-4dc2-b96a-7cb9c999f9f8,10
fc5117f6-9f9f-4a88-8c04-5cb7ed6eb75b,1
ed0ab575-554b-4d83-8e9b-7d13cb9cb8b9,2
27c3083e-2e8c-4789-8d9f-42ac301aeb0d,5
a27fe226-fe5e-4203-82b3-41262da2f874,8
4f18a850-e2c1-43cc-96a2-18595967f67a,6
be9c952d-ecf3-4a8e-87d2-7547a5e304f5,7
f165b5cb-c8cf-4f8a-ad7f-490e02679dd5,9
8a397070-0ff8-479f-9c85-912eb08f117f,2
988702b0-6365-4990-bd3d-d1c804df7c4b,0
bd5e4343-3dde-458c-8ffc-f94f0943ab21,10
83752acd-cab5-4ab2-996a-f777a66d1a16,10
82904357-9a5e-4963-9726-2f26f0306832,8
73c284d0-f2f9-46aa-abfd-04d770ac607c,0
dbe6e1cc-84d4-4cba-a8e6-5c84d70d4603,1
12626cb8-ecfe-4dff-b781-7df1e67752f6,3
b364f7ca-3426-40a9-b455-cdf08d3cb066,5
16c6f450-463b-411f-8007-6c250eff354a,9
e4906575-d7cf-40b3-91fd-0aa2cbbc31e3,0
bbd8be1d-a262-4d0a-aadf-d2d1909701e6,8
e5a05e44-8389-474f-b5da-bc95a8128339,10
181e5ef0-6b9b-4099-b7ca-99858dc49f1f,7
a8282fe0-ea1b-4123-b349-03ef5423498c,7
c9c5821d-5c09-4973-93fb-684f314fb685,7
dcd0b3fa-11cf-490a-aad1-6a30bbd36d87,4
0fe66143-0770-48be-a2ba-b2246850c756,7
255b0616-c1c6-47dd-b02d-4dae35e284f5,0
8bb175db-631e-40d3-998d-a19a871a0536,9
4b955668-7923-4403-8161-81796c38b40d,2
1074b768-8a1c-4067-b89f-a3997c01de80,1
1764f2dc-0a99-48d4-b025-742e34a442d5,9
cb00484f-3fdb-4f49-990c-2e9bcdd279c0,0
7a7e95d9-1600-4c64-a55f-958c4b346618,6
600f326e-3b5f-49b7-8a05-d2d82f84f4c3,2
d29108c8-5ba7-4f24-8760-33f04b920899,0
c4cff8de-bf72-4bd1-8c2a-2a70dced9a85,9
0bffd55a-e4fc-4201-889c-38f90cd6eb1f,7
1ca3ad38-d905-4114-9ef9-176dd6d6aba0,8
3acb8962-b543-4c6a-b441-2cc7557ee0ec,10
457d455e-6812-4f66-a01b-60b06eb2d53c,9
6cb72cfe-cea5-4129-89d7-bbafe3dfd2ac,9
a275d0cf-ec51-4e38-8b01-a8423856e0f3,10
acdb894f-a747-45f8-a7c9-a3565d1e27c5,4
4bcd343a-41cc-4cea-b131-2b786a6633ed,4
619db0d9-fd6b-4f7c-8d95-d503b7e794ec,5
2e5be105-d319-46e6-928f-bcdd037c98a2,1
70205354-b14a-42cb-8210-9b50429e907c,10
a3367454-5048-4cbe-a53b-7d5379ddd7eb,7
d3bbf01f-f362-42a0-942b-a54f835f3525,8
679126e0-97f1-4165-9663-ea3947a94f27,5
1a14d46e-a8c0-408c-81b9-027b8200bea2,8
074ef928-e1a7-4742-870d-886862a89cc5,7
4f1cf7e6-a568-4f6d-b7a0-f1cf0cd7846a,9
c2ad4265-7061-492e-bc5a-3550ab3da44c,10
63b55b73-a5cd-40fe-bd86-15248dd5df81,6
c2fd7421-bb7d-43a9-b4c0-790e6a7ec0fd,4
f170f74a-bbf2-405e-b08f-a4f2907ce9eb,0
01f67d4d-4ad4-468c-9260-1bccda478d65,7
8c2520d6-db0f-4ce3-954d-08ae41f1e0dc,2
627866dc-56a9-43df-83b7-fda67e9d1c35,10
be1441c9-0980-4fc9-a237-f7340716125c,7
0d79ecf4-d4cc-4792-92e7-52b4a339eb4c,3
2c1becf1-8985-48e0-8806-48c38ecb1871,5
0ca2cf56-3b04-40f8-85b8-e08a4b40e7f4,9
3076b78c-2197-41f4-97c9-15b05c9838d8,5
ac08bd41-6161-4e93-9451-f66f7309723b,5
ae92fcf6-1f98-4ae8-a843-5b65fca72efa,0
ae6c9b15-1a3f-4579-a1a2-b47473965ffb,8
4190d29d-cf40-413b-afb1-fcf38136c82e,10
1d980bf6-36ca-43bd-b214-5d68abcde5f4,7
545b557a-1c2a-4efd-9208-fa8a7c3b226c,10
5f295b8e-2e33-4cf8-8368-025d31ae0846,8
b4f9dfb7-e4ef-403e-85d2-9b0071a84048,10
44048fc9-9339-42b8-9613-82143180e5c2,1
7dc9acfa-e1d5-44ad-a887-1c50155e44c8,0
294f1642-9892-4dd0-9c1f-be7c0b197be6,9
f56fa05f-f697-40bd-b36f-7bb710fffb62,4
15c43e5b-762e-4d6c-b1d8-aaf95dc17a80,10
11bc52f7-1462-46f8-8875-82078f18fe86,1
d5394168-abf9-465d-8688-f7edb09ed97a,2
1504d145-466c-4067-9853-667b14afe1c9,6
fa847048-5bf9-4238-9c7b-aa8fd8c133ae,6
3aef8822-1f97-49a7-8e51-efc62cf9dfc6,8
f1116da7-844b-4c9a-8dc6-3000fd50ec07,5
b27715df-7c7d-4694-9c98-f6a0db8399e7,2
488b6cdf-a888-400f-9f5c-08be4558c3d8,7
304fff5d-521b-466c-aa0c-379b9fb8b127,6
8b23126f-c8d6-496a-8ad2-7927e24cdc93,7
82b18358-8545-4078-94f8-2bacf066cb4b,9
dff46758-30e4-4380-9976-3250272eac76,2
d1567fac-a24b-482b-bdba-7a05f7c01fed,9
cea8d1f9-66b1-4d7b-8567-f14ff6d87d2c,4
0ee13742-a0cf-48b4-823b-f9e863c6f90b,9
16358a6e-0f17-4f4b-8de5-485eb47ef04c,9
887bd960-f922-4198-b0eb-d2cf2372606d,8
96503909-9fea-44f3-9528-d3b84f3c1f01,0
579ee965-d778-45f0-a0d7-ddea3143a45b,7
2530b293-3a83-455f-acd4-d5d85ef543d2,7
4d5cd009-c4f9-4c7a-a5b7-92d8d3f3e4e4,6
34ab53c8-ab39-4f3d-a89f-861ab9c2e44d,9
32b434fb-b592-4bf3-8c86-a2cc5c27b3cc,6
4625cb01-f78e-4657-bb21-1ce3b1cbbca5,8
f66bfdb5-4d0f-4058-bcc4-9a897a132db7,7
a5d4503f-cb7a-402a-a937-ac67373ae1a2,9
79e3c45b-e3ed-411a-b86b-469cadea66f2,0
8462008b-425b-4129-b204-0541c026bdf5,9
99a2f16d-57b4-4320-b195-75d0da2eed33,1
e7a8f494-9d64-47d2-bb36-eba2c111c27a,5
adfaa22a-1246-49c6-968e-9298935046bd,7
1b8c6e39-5019-4be1-949e-73633c194d57,3
d3a5a703-2b48-49ab-bf06-ae4c3b62d9da,0
bf819c03-158a-4137-b083-6c13e1e22584,8
3822e1fc-bb4a-4e39-ad82-63348cec2bba,5
145fa885-204b-46b6-9eee-bab14f22bd83,5
981bf6d4-05b2-444b-94be-9b75373bf7ac,2
796521b5-aaf0-46ac-9a32-1976ee7e357d,4
af06d771-0eb4-4890-aa62-2f6573a4bb5b,9
346252f4-b7f7-47ef-b4bc-5d3a22c02161,7
8319512c-d0bc-494b-bf2a-124a4f013964,3
6e54b1e1-1c9b-4fa7-84e4-24f2a2fe767e,2
12b2e2a5-1579-4f88-85f3-a4c63e5b4fce,7
da0295b1-7e53-4752-aec6-6837e1f33b65,9
6c054f3c-fc24-49ba-aba6-afb54acef27f,5
ac3a6d0a-03af-4af5-9228-0994edc130a7,9
470fb773-9a40-4595-bf8a-3f7e51115b2f,6
b8b7d33a-a457-4404-aef6-78141351fb31,1
14fe8320-dc92-4cf4-a62a-e73a8d493f63,7
777b27d8-1e66-49b7-b78e-ce0634381362,3
cf936b48-2588-460d-bfff-65c3d33fefa9,1
22065898-9f09-4e15-8444-502be925b5c4,0
3668a09a-d563-4ac0-805c-19c8ef0dddf5,4
cf7ccfb2-4ae0-43fc-a257-f805aebfe4fb,4
037855f6-2bfe-4496-bdca-6740b45798cf,4
aff6a66b-ea87-4860-baf5-849530fe7e3b,5
d00b3be8-32b4-4ea4-af89-1bd8ecf1b0c7,6
c2205c71-1a7f-46d2-abc1-54fa0799d70e,2
cf8d3130-7887-433a-ba83-570d3bb7f0b4,4
79e1d889-fcb7-4995-9cd7-7644da2075a1,9
e637842c-5f5c-4a6e-9c8e-441c19e0c12f,7
c8a8eef1-37ab-40b5-ab50-200985bd9cb5,5
306077ba-881f-4be4-82d6-bd364fe27853,7
c89f0c0f-19f4-4f51-98df-1cd6dbd9a13e,9
94fb7083-28e9-418d-a1ef-de260e6b4f3d,9
a40b9a2b-fd99-404b-bb15-b0d1fdd4c6ba,6
b365861a-5b5b-438a-aeb0-a1454a84822a,3
d1f9ae4d-fb28-42bd-997c-e93e262b26c8,7
96f048ec-17ad-4dcb-abba-adaafba9c34d,1
69b4aafc-bd18-4907-b05a-f0dbf70ee1a2,0
8aae16ef-b01f-4fc7-a782-3edc748b4f93,6
1d9cf5e2-0e0d-4e3d-98ab-096caf344b12,3
fb179448-69dd-420b-a351-238fa80c717b,3
e7b0db76-accb-4898-964a-6bb2d7f3cbee,2
0e4f91d1-a52e-4805-8804-c8ac61b3bcba,9
95d3335a-766d-4ba4-8d68-2a1dd5788960,7
c995f8d7-32b2-4338-9535-941f600f2b8d,7
279c8b43-4f29-4f6e-9fae-3a16f72fb3b5,7
38411fab-3b22-4fcb-bcac-b1d0a8fcca12,5
7b82f06f-f731-4c3c-bbe1-5f511cbb774b,9
d3a443dc-ebd6-4a75-a92a-54d1a66b53c1,5
ce95e73d-b34f-43f9-b12b-623d4d456964,1
ac9fe0eb-b042-435e-b6b5-4545c5c7941d,4
05b36351-55ec-4aa4-8d89-78165c88cc0c,9
66086392-cc34-479e-bd7f-52b71ecdaf43,1
e91645ab-a1de-4b74-a634-d1ce0c11417a,10
80fe72d6-1a4d-45c0-a0b5-e2c18f726edf,10
01041812-e821-4e53-bec3-55e72c8d9dc1,3
06615e29-fc34-4351-a7d5-0c3bca252f7a,8
837cee11-afda-4a36-bf52-69a25ad7b4b8,7
f7faad1e-1f2c-4ea2-8412-06c5ecccf647,2
48f63321-0836-4419-9da3-d307dd0e3975,7
d7d407f5-fcf3-4adc-927e-44a84eacf812,0
a27ebe5c-aa24-4dd5-a247-aff6c38133c3,5
c4cb88db-1457-40cf-8ffc-0eb0f1f0db68,2
95561f4a-9d9f-4d7a-ba2b-2dddfba0bca6,9
77b52900-496c-4b68-98b1-d69cfadd8671,8
0cfc5c79-cb0a-4dc1-a491-9ff011b326e4,9
ae2ad66e-7e8a-4b27-8431-e1ccd8053fc4,10
317eaf30-4e49-42f7-80b5-6657465ed60b,7
70a12b22-1e39-4cb7-b47c-e821f30d01a3,0
fbc6c5a2-6bda-422e-ac32-c4bd9420a091,6
810007d8-caa4-478a-b357-776c445018f9,9
9d573f85-b065-4bde-91a0-cb8db713b9bc,6
06086424-4bf2-4693-a2dd-3450277aa293,10
f4b15f45-2daa-4b7f-b193-ee05d1b2a891,10
c329e24b-0455-4c53-bda8-6c3cd0c481d2,4
8ce4fcdf-fe6f-47e1-be79-5dd2fe510af2,6
5f73056f-3688-44dd-b105-5ecd2d777791,1
a228ffac-751b-4c03-af1f-9c2bfa782307,9
973c14d3-f98a-477e-99de-a389c6e01463,8
3063c7c1-d2f8-4abb-8070-03c0988ffe0b,0
809d22c0-9485-4350-ba2c-77100aadfc06,9
36694054-26b9-47dc-bd78-5cd54cc8dd7c,7
9b7cb62f-e22e-4b25-b090-0e8c42b9e5ef,8
f5486f11-2c5e-454c-abff-5e92fa5fb298,5
50bf3c52-c9c0-4a31-a0e0-974cf3fdaa02,9
1ef4325d-a20e-4930-8f20-4169460269aa,10
de35110e-042a-4b9a-81ca-b0356e34d3fd,2
621e94bf-05bb-430f-847f-960e9a737658,0
cb305d01-c78c-4d80-a5e4-ce3582c74225,8
0fc0adc7-3f95-41f2-8e97-88ca2ca4145c,0
3583ef6a-faf9-4ae1-81fc-5fd09e20495d,4
91f31682-76a5-47e4-bfe0-605fa055c085,0
3e9e83a7-0a46-443e-aaf1-823f9dcc6012,1
6df5d862-ce7d-4ca9-90bf-348aedb0017f,10
c07597dc-efaf-4603-9da4-d2ec3459ca05,4
c35d0bf1-4ca9-4141-b875-35b623b5ccad,7
6d599741-ed24-4ca9-bce0-2a4b9bb63995,4
95778f61-bc93-485a-b4e5-430daa5fce22,7
6e418747-8e6d-4f2a-bdc9-1362df7175d2,7
5383cd32-c97c-4525-bd60-ede741fd33d4,7
19457c3e-8987-4a55-8942-734a3979f8e2,9
e2f659e2-d252-4119-a87f-4223e06da06f,9
0ba36d19-a2a0-4a75-842e-accadb8a47a4,7
69bbe492-4d31-430a-b443-eb8bf4e545c8,10
5c46218a-f186-4647-9133-2232e6ce9107,2
79d08ca7-a4f4-4784-94b5-b67a6f5cb248,8
0aea9570-1e04-43d3-8d59-c6b442f8516d,9
58d03472-1ad2-4945-90aa-41a451a9e9c0,5
7e381e36-aaed-488b-b78f-98a1bb56a7f6,1
e032972a-2fa7-4e96-97ca-c15f5f8ee097,8
df6531c4-d6a1-44a5-b8bf-185bb3b27b85,9
628e25f5-7383-45e6-b49c-7136078eee0c,0
a366fc4a-4fe4-42f4-b5a7-20fe5b54a91b,9
e01dad2b-b5a8-4b31-8f2e-b23fff1be9f2,9
c773c36f-4b06-4470-b371-eb3839e8c9c6,8
0271c9e9-1043-4708-abae-6628c5d304b2,5
06247bb5-33e5-4c3b-9ca1-e8e9118fde54,9
15bb0411-e29a-4d07-9d2d-f5c37d4f47b7,6
6715d2eb-40e6-4353-91b0-07844bbc4f12,6
3c7b6f68-2a74-46db-861f-18090f0ddfbf,2
9bf46330-e808-40ec-a5ee-ce20edcdab47,4
269d9978-d436-4136-919a-04957af0c848,0
b12b6774-3bf4-4b25-824c-a23023fa686a,1
ea5012a0-2c8b-4caa-9ad7-de088c093611,4
83bfe37a-34ef-43bd-a983-4896bfde760d,8
ad3f7d2c-bbe1-4bd2-84a7-7678e1ea6bd0,4
e7f3ad71-3c72-47a9-97a6-2ef1fc991273,10
ad041b34-bb81-4315-a484-8372e158daf0,10
2074caec-7b28-4883-b967-06cabe84b4f3,10
24c2e29b-c597-4da8-a18a-f561d03c68fa,9
832a83b6-cb7d-4426-a2bc-369171670ed2,2
56210d4b-1a95-4d97-82b1-da5d2a3752f0,1
831f96da-6d91-40fa-98a7-144cbf0099f6,5
08cb6b7a-6e1f-4c0c-88dd-2ab95967a8c2,5
e67f6879-3d74-4b22-909e-6eda1eb67784,6
b584407a-b1f0-49e0-a114-f3b9afe989e6,5
a3f1fdf6-08c2-4fed-9ca9-25a32db723af,3
5566cb4a-be25-404c-b289-141a2e1c24d3,4
ea82b303-1902-453a-9024-ec679f27fb83,2
3ae39db4-1d50-425b-8002-e4471e4e9792,10
3c465ee6-667e-432d-9846-2fde78f45717,7
1c66db2d-014f-48f0-80a5-043dfc3e1ec5,6
7ec96b79-4753-4db5-813c-b4d716732739,6
543322f3-e2fb-41dd-aa75-7693df57c511,4
5012bd68-7b8a-47e6-aa9b-bba510752c36,3
b3f04c11-8b8f-4452-a5e4-eb659e832898,9
204ec43f-a084-4685-84c5-58f593c2d543,10
b3b239c3-b770-4845-b7a7-4b04919ad705,7
e97efaed-56af-46c5-81d0-e8dbc492f8f0,3
7251b7da-2abc-4dab-a43c-dbe244942a07,4
91f84cef-85ed-4ac6-9e3e-54ae28f79b9d,2
616a4020-0e2b-45a4-999b-bcefc78a2cb8,8
3b29a634-d779-463b-8bb9-415d6586ce00,10
9120cea6-3f77-47e5-9873-b11f2d3be02b,7
941cb6c6-c97c-4ec6-949f-28b6ae559595,6
d295f0b7-2566-41d8-8e65-4396592e51f6,0
4352e266-0248-4524-a1ee-5db778e7e9ce,2
e6c27d91-bba8-4319-889c-305db95894d2,10
f6ea264d-0507-4a4a-8cdc-0a014f24af47,8
51a3f3db-f7d0-40df-b8f4-598c198c464c,4
761d0d12-fb1f-466d-afa7-0ab4b26c91bb,0
679fd283-a617-4295-9e47-fcbd4bf18fe1,8
66483fb8-137a-402d-b522-88d1bec7de72,6
ab286f68-251b-4f74-b065-05e6227548bb,7
a5731584-f668-41dd-b485-85c988d714c3,2
32b10c85-052c-40a3-bb74-d8119c402ade,6
2d180261-1962-4570-a7f7-871c0d012e75,4
e72cfaa3-f382-4aab-b013-893d657c91e6,9
bc3c8040-a77e-485c-9198-94a70e29bb37,9
f6575b58-a598-4116-b72f-120ae7ab5188,1
f29de049-36cb-493d-adfa-be1f7e2c4bda,5
891d531e-6d9b-4087-ac5d-f3281a5e108b,9
1ef5acf0-ccfd-4e4b-9152-089a2ee9adc8,2
732d9436-edcb-4746-be71-8e69ee735b49,6
c95ae4df-96a3-4088-b5a5-b14be8538a80,2
91c01822-0756-48bf-8aab-4ac144c73089,3
f9513f40-6d1d-4d77-89c0-436599b84943,5
07fd5fc1-d0d6-4092-b90c-f53bb939ab74,0
34604202-3ec2-45d2-ae90-9e91bbed95b9,9
cabbb530-f820-47c2-b264-c2f366683dce,7
9812afe5-97d1-4e3b-8c2c-c94aade170a1,9
e7c248c7-0728-479e-bcba-334d867e2f52,1
3a77629b-d346-46e5-9856-59377c6ada28,9
db4be218-1271-41ba-b803-95c486db964b,2
b4b243f3-752c-4786-bbd1-d12bb6948e90,8
06a69de4-f87a-4f5f-a212-0e3d43d4af76,9
0f9cbbbd-68a1-402c-8a83-799f8206df8a,8
de349a25-53a1-4663-bc2e-649ac220d552,9
404af250-e7c3-4cc2-8680-810e2ad2a8bd,8
36a43a26-0312-4b26-ba4d-aee048c2a6bc,9
7edb661d-c7e8-4453-9fe7-6c9b07c8815d,3
d0f2aa24-f1c7-4b93-9e37-f2491256f55d,9
9797ab61-ea70-42d5-ae64-d149377149ce,6
91762c2d-c209-4f11-89c7-ffd12ee15809,9
b3b4f3b8-bff3-4314-914e-24b56f8632a3,9
17a2ad05-357f-4986-bf4e-621803392dc7,3
f80419c9-cdc0-40e7-89ef-3d028a0b175e,9
db53f9b5-0584-4e5d-ac8a-b658e63e87dc,9
ef4f8a25-f7bd-400d-982a-bdce477dc723,10
2c0fc5c3-7567-4ec7-ac43-acdff902b53a,2
58f8f7ef-4607-4540-bbbb-96da55606bf4,9
4301eaf3-baf8-4a53-8d95-671af92ddc6c,2
d508c0d5-6eac-4dd3-b2f3-39ac938cc1a5,9
854dc85c-2a83-40e5-b882-1aa5ad33edd1,9
5c6ceaba-9b22-4989-bc7e-2476b480b7bb,2
1428b9b9-b548-41bd-a8d2-20c08a3e0785,9
e7555c31-f2e7-448c-808d-12f5b1960723,5
eb0d9b93-47b3-47b1-9546-8931cb3e7f65,2
c89a6e7b-f49e-4d04-95e2-fbc5720aa84e,4
bc747aa1-91f4-47ee-b302-fca6d0dc9967,9
d57c5db6-6500-4941-827b-e344fe4b1319,3
e163bd22-183a-47c8-b157-9fdca54fcbf3,6
35529d20-174b-4af0-a7d8-2cbb3e94bbc5,0
8aa3fd5e-8b96-43f3-a6a4-320178031eea,10
6fb4f13d-cc76-49ab-9bb3-fad22712b72b,9
f03362d7-da90-4ac4-a295-1b3e3670a624,9
ccebd9ec-9ee3-432c-9727-4ef5fb781ef7,0
bf8bcb77-164c-4cd0-bfdf-78f118e1c086,4
876a23cc-f509-44e8-a238-18be97e53041,10
c846473e-0cb2-4c46-9c13-85c7daf46511,7
603a1b40-c22a-42b0-bcca-74e997ee1a0d,10
f3388397-221a-48f1-b47b-736608087f1d,7
d67928d0-6b30-447b-b50d-fd637e4cb279,7
0648d73b-ddba-4f2c-bfbb-e56128466f3b,8
d5ba04ca-7979-47ef-9706-664e918bf928,8
9e3f4a20-a721-4608-bab9-5f98ac47efcd,10
3abd14d7-dccc-4452-a28a-9e02efd35417,9
bea824cb-74dc-466e-9345-e71bc14e97bb,10
62411114-82c8-403b-a014-8ef7c02d4fcc,10
85d3a49c-cb04-415d-9fcc-49442dbca576,5
b96eaa34-781d-48db-9b8d-ae50a7cfd626,5
4105a77e-e5f1-4d80-b8e1-8c0c157354cf,8
36718211-8af4-4d60-8aa7-6fe318485ff6,0
a5f14e14-d4f9-4e9a-82e3-d2bc41821ff5,4
24056e49-0928-4add-8614-db6905f20a76,2
753294d1-761b-4e2d-bbf3-a330ef013656,1
0f026306-ea4a-45b3-9875-2589869a5a7a,7
b036eca9-c353-4110-b5e7-f5ffe55592b8,9
7fe196ed-83e4-43ab-bb1b-bfc1814854ed,0
039ce157-f0ed-4fe4-91bb-6e82847adb58,1
12d43f0a-3570-43b7-8947-323cac728214,2
70aea59c-0d8c-4584-b7b3-32ad38f858c3,9
87ea347f-6f56-40df-b511-96e34c01ea38,7
3a805ed2-19ff-4832-a7b0-a6b3a021d8cc,7
69c2eae3-0cf1-452c-8da1-95a9342bd2c5,3
04599ab1-1015-4ea9-ae93-11fb94da25ea,7
6ce1e9a4-ca6c-4e6b-84c2-9333719aca94,9
0a0faaa8-ae89-4192-8c80-848a4705999e,9
59f8369b-3c08-449a-83a7-664cb4945221,10
dd0b84fe-2989-4881-8a49-b3746887a294,9
d62ccf41-616f-4c81-8e68-00450438d0af,7
276abee9-dd34-40c1-b62b-5a699a977cb0,2
aae053d3-c510-41e3-955b-d3dc17b8a895,8
4a3a9f6f-d81c-4a82-899a-62a6911ac6ae,4
b40019c5-191c-4d66-b928-7aab1dd0c9ed,10
d0378581-3b15-481e-baf0-9c002044b53f,10
8fa4d230-06db-422c-9f5f-dcc5a46b8baf,0
f03e1a63-7d84-43ed-8b53-1688dc865900,9
cfa09281-66df-40c5-a1fb-37a12a541ca1,7
d1da2c30-7e2a-4cbe-985c-43deb369c92d,5
13b6e4d3-e41f-45ee-8bac-c092e2316987,6
36b41e42-c6d3-4b90-88e3-cab59aa9a086,0
55a2acf1-1cda-4c73-b159-3574cd3b9ea0,2
3e2a65a0-4444-498e-81ab-3f5a34eb9028,0
cfbf2bdb-07d2-4475-b34f-4747372813bb,9
22563e1e-d2a9-4cb3-88eb-03f6bb7e3f54,7
fe0cf13d-67d6-424a-9228-30bf67377044,9
76f81bdc-3379-4921-8e7b-21dd34bac791,9
dc7fc674-a5b3-4ff8-8d79-9dec795fb5ab,9
29150e95-40c8-414f-93d1-91bc7f2a2d30,10
726ab2ef-b2dc-4052-86f4-18ac40e5919a,3
82512c24-1f8c-49ce-a629-250b103687a8,10
7a130a64-2c04-4067-a0a7-740573df3e79,6
fb9ab085-0556-4681-9061-0b28e97bf027,3
358b1be3-16dd-4840-a339-3bfcf46d9b6e,7
93699fea-8fc5-440a-af23-e1c2c5761473,2
b8117692-7708-4374-9402-7513aa4f5444,10
7b725326-ab5f-4a42-ab17-8f11f35e6ecb,9
9a7810cc-2aa2-45a1-b8d7-5e87c3ea5540,7
9f6553a2-e5b3-4306-95f5-23a26c26b0d0,0
858c2b3e-965a-4e0c-93f3-dc5b726da605,4
a951c39a-e65a-43c0-8023-67cd5921f6ea,7
f40e3ff3-d986-4385-8d2f-d4488c48a13c,3
b7bd09be-7f2b-4ceb-abca-3b9df1556845,7
15929a25-d501-4b75-b327-209fddcbfec6,0
22ad91c1-1890-4294-94f3-2761d76a0197,3
ddd6483c-da45-46eb-aa83-e636a3f9ba13,6
06f3c72e-20fe-4008-a757-b284effb454a,6
2aa86a1d-8859-456a-ab7d-96c7babc9e5a,4
9ab645d3-d19e-4cae-8ec8-30df79dce486,10
54aae270-7ec6-4e47-ab7f-5f3bc16f2331,8
938d870e-726e-4a87-a7e5-eed8a32dc613,1
d19a7c5d-9ecd-4584-8cb6-b66bb9aa4e83,0
11cbdbb6-55ed-4233-9d79-58aef4c85e06,9
3b293487-aa22-4d79-a24f-0b326b9053ae,3
a853edb4-a3b4-48c4-88c7-3f6904121fc9,6
16329c83-6429-4945-bb30-75993bf4fd53,2
cde510b9-75d0-4a2e-b0e7-61247b367f54,2
11750a6e-af53-4539-9a08-4dcbcbca1700,9
2c3ed393-d21a-4778-8b29-293cb80da472,0
af6d4a0d-cb97-4031-9e6f-5c6cb6c57cc1,7
3976de30-3719-4188-8f4d-a5f827a111c6,7
7685f8d6-85b4-4e08-940e-a0263a2d1893,10
e5f84197-db5d-4830-aed6-058920f58ceb,0
94ec756d-f49c-4af9-a6e8-415cc8b76594,5
095e7bfc-df4d-467a-b6c5-b7740d4b6964,6
94ccce6b-3fbc-475b-9160-facca90055d6,6
6b433e84-097a-4c9c-b0e8-1c282822bc52,0
29816428-3436-48d7-a59f-58321e6bac03,8
58b713e7-3b69-441a-8bb1-d73711c27c8c,9
3973b16b-85a2-4530-8b6a-72988dd4efcb,4
539a993f-3e5e-4405-8389-4b89b4112d69,9
ca0d6dff-fd0b-499f-a684-7cb02b0d83c1,1
393c6f64-ab0d-4531-8404-c4845bbebb5e,5
92f62a2f-af60-4b37-8105-cd99cd9892c4,10
a74805cb-20c4-47d4-8276-04614086f68e,8
584574ce-bbb6-44bb-b922-4b6dd62e0974,8
11575a20-6cf0-4a17-972f-31dcd863e060,0
c61f2c4b-9d28-4c57-861a-e766fa435409,2
c320bc37-8444-4654-ae42-824f10c7c8a6,0
bd8ccfa1-a636-4f59-b1e4-e86a98da6fb5,10
acba0ce1-5f55-4da7-975f-4d9cac8d8bd5,3
7669701e-f6c0-4b39-9748-0fdfa82beede,3
51c98ebb-2dca-4348-877d-68e54f2e68aa,6
03c117ed-90ee-4676-87a5-bdcaa19e91bb,8
f9a9c5dd-88f4-4a73-9e2c-236ce276f973,7
0e25b7e1-829d-4e72-859c-e32c0f623add,8
70401b32-bd2c-45eb-980a-41b237fe1de2,9
b13cedd8-0dc0-46bc-a884-f89078607f29,7
84262cfb-9d81-479f-b7f1-c0e80a46a233,4
e8fad97c-1e4f-40d7-9664-03015b69b1e7,3
2d21e7b3-057a-4a3d-9da6-9151cd33ff24,0
7d60be9c-aaa5-4ecc-9f39-5a2c822136b8,6
37597b47-7aa2-4b9b-b8be-738d41265f0e,6
7878cc40-de18-42a2-8076-f6899425e82b,9
83947f57-a446-4714-b9ff-4bf5b9afd512,9
863d6aa9-c16c-4cbe-b639-f479e0e0a46d,7
96017667-2775-40ca-9e61-8b3eba012d46,6
3e9f3ebe-fb89-4c50-829d-40ba2f365d2c,2
f6c775aa-d4d0-4138-aa55-a00e724c7795,6
824709b5-d2c2-4042-ba41-08a2f19f20aa,2
d20e2339-1e76-4bed-a3a5-0fb371a33093,8
f6c02a57-056a-49e7-95d2-7e25f01d5f3d,7
f8692e12-b3c7-4cf0-8d19-292d3e549d4f,7
fd5ddf11-187a-4db1-b846-7f64d29d7f54,6
5ad10615-ef46-49be-885d-3e621de17c65,5
ee152635-a9c3-41f6-b40d-6fc28a322717,0
3fb2ab27-766d-4766-87b9-c336fcd5fb62,6
4ced2695-2038-427e-86b9-5f6832bc161b,5
e75cbdb7-9285-431f-adc9-a70552e2c975,9
84d5fc78-8250-487c-872e-0259cdff0a05,7
3dd91642-5c90-426a-8b20-2b72a247310d,9
3d60543f-2166-4fa1-8562-b7b7ede5b38d,0
d3a0b2e0-6a77-4f6c-8406-0c6e9b1a7f61,9
bce36497-02a9-4069-bf37-e4c5a853794e,7
bc2b170e-fb11-4777-8f91-941f2ce1333e,7
1daea68b-e87f-4960-9071-03674c24087b,0
722f8b3b-7ff2-40b2-8ace-45e4a31bc4d1,10
9beb9214-9794-4382-a6b0-f3a7773c3c20,6
d3be97c5-36cc-4376-a362-6cf6aa0dd6ba,2
381fbfec-c582-4448-b039-5726db178556,0
c6e1ad83-7cbb-4639-ac16-5ecd114d59c9,9
b9248a15-fa1c-4731-8efb-a0e492f13880,7
8c7d4f4e-0ee6-4b8c-8b0e-2af4a10133bd,2
66e1385f-63a7-45d5-b67b-5a278efef8b2,4
b28238ec-f960-4424-ac60-2f6abfe72120,6
80770510-6bc4-4e56-92a0-335f265e1670,7
2c1e449c-8d1b-4ed2-82f0-b8444084c99f,2
fd06de75-4cad-4235-87cb-587c0edf2763,10
1c420624-1e42-4dbf-baa9-8a482bc0ef61,2
87e36871-313e-478e-a734-b130ff7d56f5,0
f38b8606-42ac-4d6d-8472-f672f174ef91,2
a27d8450-b910-421e-9b19-328de1c5f508,10
2f6cbf85-4c91-43b1-aa7e-745f2fd985bf,9
25834b47-35cb-4a1a-9336-f843c946bb43,8
a9237c2c-1919-400f-a27b-d63958e0efc0,6
acaf1d91-708b-42fa-b2b7-7ebc2ba7e70c,6
c1f40013-aa88-4fc1-86e6-a1a672a710e4,6
3d6c8d2a-cb57-433c-a97b-d40d25bcad50,4
104ad376-d79e-45ed-9099-ea252610a7aa,4
0335cbb1-b575-499f-b15e-a9af662ece76,10
4bebc8e8-3193-4587-9bf3-d4af8626dd2b,9
6ac2248d-8ca2-455d-a77c-80594438b8a0,2
b9b9d2e8-bef2-4171-b910-bc146b8da559,6
b31519db-75dd-4841-9936-426907ea345d,10
d6adc80d-9c52-4f72-bd0d-f887c94b712d,2
7cc28730-a211-4191-9c17-87d7921fd22c,5
5f4b2379-21cc-443c-bba9-c80e42c2d801,10
d1a32156-6e0d-49f1-afe7-9d3a369be73e,7
ca5397c1-5d7a-4d78-97e5-8d1faf8d4584,5
e11b8028-0fb0-4c5e-a78a-c4d1d5ace847,9
a7272ac9-85c9-4f35-a8bf-5e2be9ce4143,2
a8a661f9-5b60-4441-bd35-38c0bbfc5cfc,9
9c556cc7-18d7-467a-a189-9450e4d20431,8
600ac935-2558-42f0-bd05-23c52f69e4a5,9
284ed6de-7378-442f-b35f-cbc4d678b942,10
75d88216-21ce-406a-b068-1b10d575559d,4
8f25cf3a-f0a6-4ce5-a8af-c98b94b9b9f2,1
cc3ba268-bbec-4bb9-9f63-d70a34e5fc9b,5
d577f02f-a173-4777-819e-e46570a61201,9
93e80761-3596-4eb6-8536-a2bd72611069,9
78dbaa42-f0f0-49a1-b3d9-4fee5247745d,10
47fcb51c-2ad5-4c79-9685-8fb84ef89edc,8
80ec660d-2229-4296-ac80-a4da9b88d263,2
850622e7-1e9f-4c22-b407-9ad678a64a06,9
38d90ffe-778c-4575-8857-63af4332fa0c,9
3dc6a7b3-1727-413d-b511-b7696e2f3a39,1
7e85ea5e-c178-40af-a39c-eff8f705dcc1,1
d77beb72-cf38-4d69-82f9-1b7fd24ca387,9
e74fc294-ec6f-42d1-a81a-4e05ba2404bc,6
3c058d1b-932a-421b-b085-b51193c2eb12,0
ab4f166b-c810-43fc-814c-8e576c23a312,7
755fc10e-1638-4490-801d-4d0420ee75f6,6
ca0ff056-6eb1-480d-8967-5d5b425b6118,9
41e216d0-bc34-4a84-b6ca-b10bfae903cf,9
4bc9d3d0-b0d4-498f-9356-969a711daf5a,0
ee5e24ca-0d22-4129-954b-5dc09d71a99c,10
355c6371-c71d-4ce7-a36d-06934e5f6d8f,9
f955f6eb-4db6-4218-bda0-d76bd88f542a,2
55dbc0dc-7baa-42b7-bd07-501a3a56c0d8,9
7e5cef62-1541-431f-893b-4e9636804ba3,4
4d5aa497-e43e-4800-9e12-48453d462ccb,9
47f61d04-c6ee-444e-9625-b90f6dd14a29,8
3f66d9ae-9176-4b46-acb9-f03fc0f004c2,7
0c6965f7-fd08-4e1f-886c-b6df636fd731,5
2d0cb540-48f6-4c42-a722-6045c993fa2b,4
1dc7bbfe-8189-402e-a27f-eb17950b29b5,7
aa6dc482-1eb2-42b9-8d05-22d637b4ded9,0
221cc9aa-fde7-4899-a0aa-8407924cb080,8
32df267e-f8b5-4347-970d-f62d287e89a3,2
e444e3d1-1554-4323-bc71-d62581657692,10
e01589c5-19cf-475f-bc20-ab76ffa72202,10
30ecd68e-74ba-4550-a0ef-a97f720dfeb7,10
63e9ad03-c5fd-41e5-a82f-fa0d0f1008e1,9
08125ee0-f716-4ace-b591-55b04b00c2f4,9
9792a1e3-cbaa-4e57-9832-dc7c269e2ff6,9
9ecd03ac-5028-46f2-8add-0bd52411fff1,6
5847afe2-d87f-4993-b907-ebd9a025b628,5
f87a07b3-bbe8-43a1-a8af-e0f75f3c32e6,5
4f3ca30e-17e6-483e-8c03-c41c779563d4,3
1afe8cf2-f318-4118-8769-f40003033364,2
ab146828-7520-4669-9de0-83e56fb5b2ee,9
9a29ac00-a950-4d80-86fe-a9625e7db489,2
cd66b043-c30f-406e-9f16-aea3573aaac6,4
fd75f50c-a2cf-42e2-8c8a-90b7ed24c6c4,8
7a7f3809-29bc-494d-a0fc-49e4102d06a1,6
a45899ab-7d52-4b8f-ad52-10f6fd6d3a40,7
cd5b2c14-99a0-41c0-9f82-b55d3ef1416f,0
3c506b2b-25e3-4eb2-9b73-acce029f0803,7
b6fa89cc-7322-477f-9125-16ff4949c3d1,6
716b0368-548e-4244-9336-9256928c2d52,2
5f639659-e4b2-40e4-849a-a362598ea5e3,2
4bb1c26b-e6a3-422d-9b1c-ca9dc3895f8a,8
494b468d-ce3b-4b27-a526-95b4725029f2,5
ed4e746d-1566-429e-9293-a3a1fd71dc78,2
33d8d197-1d48-4cb1-9fed-002d256062da,6
f45d75b3-ccd9-4810-8620-8b4da565f6d0,9
7202acc4-b4b5-497e-813a-311a0b73a44f,7
2d0c0d33-e0fe-4115-bd0d-76d92ff7f878,2
365a0f5f-7c76-4e7f-a88b-3cc2d52279c8,9
1e20dcf4-6ea4-4f60-9e2d-a46acbe28afd,2
fa1be4b4-8124-4b7e-ad0b-a4722244c147,4
81b20911-3a24-4967-8655-7ed9e4965293,0
eb256016-b49a-41b4-80a3-702d84d9ffe3,0
b7f37598-45ae-46da-a9bf-f710f3a12d53,10
0d1ad278-8c90-4d5f-88dd-63f6197f2e08,9
d2ed0b32-e865-4c4d-b766-6092f3a0c880,9
9a70ea65-9b77-4cd3-9292-f747b49bcc56,3
51398975-36d3-40e2-91b5-ebb0a4676370,9
d32b6717-d1a5-4cb4-a0f1-7462857b3c33,9
42cefea0-fab2-47c3-98e7-081b9ae8ce5d,0
988231ac-1cd3-4a73-b117-896aa648610e,9
ad06c715-cf4f-46a3-bbbe-298fd3cbf1c1,3
abadc8cd-8a9a-4983-818c-1d0a09b7e758,6
41988eb3-b1a9-4e26-a874-32bfea4a37a1,0
a5a119b1-0289-4883-b59c-5975dfa961dd,2
e7cf1435-003d-4f10-8912-b89bdd94e15c,7
f0b0028b-c598-4f8d-867d-d2691e5b06bc,6
6b503c34-85bb-40f1-8b7e-2a281140a432,3
0f07c6f8-65c3-4a59-b893-55fde56b155c,7
3c5e8a14-62c7-4a93-857c-b71a43bf6c59,6
a11fdfd5-8bab-4b47-ac9e-e9658f4d1a6e,9
d1e9ac1e-4404-42d1-b6fc-7c7b4f714b9b,8
fc70e92d-eeb8-44a7-98c1-37969f3f4fba,9
f271c925-c583-40f5-ab53-2529738f667c,6
2c2a3257-d878-4e2d-afa8-1f4bd52e4758,3
0909ce5c-c852-4e50-8a05-3b50b7314208,9
3cf0e48f-e705-464f-af04-76f173109da6,0
faab1976-338b-4a6d-8ace-3d66e3075b5b,9
46d57045-c90d-4b3f-895c-ad61bc4e3367,6
f95851f0-5b70-4eb3-bb19-3f22b0d12e44,0
86b66706-7ff2-4b43-ba03-91883945c990,10
343064c2-3a6f-4873-aea9-fb3e7ef1aad8,2
e6536ce0-5bdc-4b42-abb2-ee01199974a7,2
b75f555b-796f-49c3-85cb-51b132e47cbf,3
389a3e57-0730-4606-b1bd-ad12c8a37aa3,4
9108b6e6-6eb2-4282-9e54-48e90dc1ceb7,7
6e61f5c8-06a5-4aa5-be12-6d86378e7ee6,9
a3f2911c-6dec-47f7-8f91-b7d97c7686a7,6
367cbb30-82f3-41e5-b427-6cef65cda5ed,3
488269d0-7f4d-40dd-a108-808ae9b10055,1
1ebe4715-8724-4b18-8d36-87c6b319a008,1
06ee62d7-cdcb-4642-bb42-a2aae0f06148,0
a0ee1452-c34b-49b5-8b38-633daf21add8,7
c0248414-c41d-437f-b1e5-bd557b694c0a,0
55fb3ada-2078-4c8e-9527-7813de6ff1e1,10
efff881f-a7c8-4c9a-9646-cdb5f14243d9,10
770e7971-41e9-49e2-824e-f4bafca618cd,10
4170f75f-7174-45a4-9e84-901eb515212d,0
78e7eef3-e7ec-4d3c-b080-e1c524cbd54e,0
1452de1d-356d-407c-8985-53d3eb609b88,9
77c6b280-25d2-4183-838e-d06cef5b0209,6
9dc3f91d-c02b-404f-a29e-64fae9dc877e,8
2d5c29b0-9390-49a6-861f-d7956508abdc,4
aa3b97c0-3748-468c-8cfc-7e1690c525ba,9
fb3f7d2c-c2be-465a-9138-998e74a43a0b,5
03951865-e3b8-49e5-9516-31bd1b3f3157,4
4d7cff28-397f-4da4-80a9-71a708a2bd07,8
b28e29e9-8cc7-4692-af7d-c8aeca213c54,1
6309a4cc-cc6f-4043-bc9e-fc22cd82d1cb,3
47a46d63-7d7b-48fa-96ec-90632c9ff576,9
77624375-2851-48ce-81f3-0835f43d90d2,6
f6903498-ee71-45df-887e-c2b415159cb4,3
daf5832b-e2ab-4148-b236-28b70bfb9d22,9
804e7250-8a63-4ab2-ab75-9f05b6335d63,6
ddbd7bd9-9b72-4661-b743-49df68dd6ca9,9
939fae14-3d7f-4b3e-8149-0ad4ea811d40,6
964ea3fd-195f-4001-883a-24ef440793e4,10
7dbc2859-7956-4775-91ac-2e0b8572aff9,8
ef14688b-068e-43f3-8b37-c6f3d1c4ba0f,8
848aace9-7a07-4112-b895-b24efe0f36b7,10
20241307-f99a-4bd5-b9c3-53f675c11b2a,9
4a687db5-b33d-45cd-884e-580bb39d0144,7
0047e7df-846c-4c0a-83cc-aa9252d81b3c,9
f887d26a-4f82-4a84-a09d-f107707a5a71,5
5f2030fb-9788-489d-b473-b4b7baf2a10f,9
7eb4d09a-e79a-401c-9b92-c4ec3e2d071b,0
1da164e8-d616-4ea8-9705-79034c4fa3b8,5
a5384db0-ed4a-4c7e-839c-9932586add10,7
57778126-6d9c-4c9f-84c0-ca4511bbe6c8,2
948e501e-aa57-4b79-924f-9ccdd2d589be,9
eef2d9d8-a70f-4ab6-956a-c16c6920ba72,2
8245eb65-ff17-4c22-a158-42ddb32a4e02,2
1eabe287-8ef9-45fa-b4ae-0bf50fe4a45e,6
f4db49ce-1b19-4e1d-a6ac-95db8826448b,9
929d2b34-d037-4d51-bc74-676467f91a89,2
8a8d6ddb-9771-406a-ab0c-b17cb11f7df3,8
f4c47b6e-b755-436b-ae7f-2c23e03cb0bc,9
90167f28-c3cb-4914-b1b8-b6b680747695,7
840a1516-0e1f-4751-9816-e67ba44d953a,9
e9f82d83-ae95-4da8-bf2b-00bc56fb086a,9
69d8f808-42db-4bff-a2d3-0e9fa5741fbd,9
c768c8cc-8608-49ac-8de0-0a3c8d017aab,8
20a34a95-7da3-49aa-965b-bb714b442432,7
80080f5b-1e29-4310-8a5b-b1ec2d7a544d,3
df557057-c383-438c-be8a-82ea2350753f,2
d7b6570c-0ae9-40fc-9512-203267210c62,10
75bf6fdd-fb5f-48eb-aa88-6b910aeabc1e,9
97a1cbef-b519-48a2-9864-63e565c76ae4,1
5a1e07e6-344f-447b-b4e0-c995f41ca7a4,2
8baf7885-2c4c-41bb-a69f-8aab9868ae6b,9
c380a080-96af-4ea7-b286-293d2baa3726,9
a0f6666b-15a6-4a49-8706-3380f4e9af09,9
a52d8963-1ad1-466b-84c9-aae98406b758,2
e7c24ae9-52fb-4234-9686-f3e9356eb4d1,8
f5b7e587-9b51-491b-9b49-10a6292967f8,10
28fd9685-b081-4117-a65d-8f5cf5a946f9,7
